title,soldprice,solddate,bids,link
Shop on eBay,20.0,,,https://ebay.com/itm/123456?hash=item28caef0a3a:g:E3kAAOSwlGJiMikD&amdata=enc%3AAQAHAAAAsJoWXGf0hxNZspTmhb8%2FTJCCurAWCHuXJ2Xi3S9cwXL6BX04zSEiVaDMCvsUbApftgXEAHGJU1ZGugZO%2FnW1U7Gb6vgoL%2BmXlqCbLkwoZfF3AUAK8YvJ5B4%2BnhFA7ID4dxpYs4jjExEnN5SR2g1mQe7QtLkmGt%2FZ%2FbH2W62cXPuKbf550ExbnBPO2QJyZTXYCuw5KVkMdFMDuoB4p3FwJKcSPzez5kyQyVjyiIq6PB2q%7Ctkp%3ABlBMULq7kqyXYA
New listingApple iPhone 13 Pro Max - 256GB - Gold (Unlocked) A2484 (CDMA + GSM),491.57,Sold  3 Oct 2023,12 bids,https://www.ebay.co.uk/itm/186104701527?epid=12049274258&hash=item2b54b46257%3Ag%3A3igAAOSwPjllEjF-&amdata=enc%3AAQAIAAAA4FK013n9%2BaZJkZwX6LVaz6yRTSOlk5teVbrShGLp8vPdnj3cIRmUEMa1DBoiitHegPN5ywFeRG461ExmmRsMacjX5lccd62KAdq8FaUdbAyaoWjZn06SS8xAa%2B7uPZ24JaR9e03dImBo7dw5iE2ozorB149P%2FM5NupfH2avU1741YMcadkEpS9oD8CxO%2B9VbbDPVK6wXaLaEYyKJcNk%2FSvpDXQEPJgsUJ8sRBC2tuB%2BoaZH%2BM5dG%2Fnm912QQKfE4zfvJ8vbXv9XnceyGWhc%2F4zf2NuZduVqUFly1qum6DEFc%7Ctkp%3ABk9SR5LBu8PeYg&LH_Auction=1
New listingApple iPhone XR - 64GB - Blue (AT&T) A1984 (CDMA + GSM),102.41,Sold  3 Oct 2023,5 bids,https://www.ebay.co.uk/itm/404529206528?epid=13023705932&hash=item5e2fd1d500%3Ag%3A0HQAAOSwnxplG4FI&amdata=enc%3AAQAIAAAA4Km4T2XIIArH%2FTk0PheMMiaSnoTGzVS%2FbakkKAHWV0ytmUi10omIWMIiK8VKP%2FF6SzCdMsQaAYEpNR%2F%2F7WaqckxF3a6nnXYwsXZ3AgNZ9WDFPgJFjoneg2SjtGYwcLlcvYtH2bjznYOLy53HN2puTI4QoHqCnHeujt%2FUbml58L59oK2LtCiSOOB5b2%2BgEOh9FZA9bpzvZAStpMDKv5gke%2FoM8%2FtKRlmq2CaMMjUEtU%2BQdShminfyHRT%2FbYbXgsJ%2BL0rGoaYpJzLq4f3kGiaaSBtQzQ%2FAiOYTs4foVQlYp1it%7Ctkp%3ABk9SR5LBu8PeYg&LH_Auction=1
Apple iPhone 11 - 64GB - Black (Unlocked) A2111 (CDMA + GSM),184.34,Sold  3 Oct 2023,4 bids,https://www.ebay.co.uk/itm/335053193252?epid=14034212885&hash=item4e02ba0024%3Ag%3ALr0AAOSwnk5lGg6R&amdata=enc%3AAQAIAAAA4AVEc5jYBnexIhW91f%2B4pqfxgNjQU90iqj0HnXMmOG9hKDr3MpNkbJ9ZFahRdnaUY20UX3TuXaWurJKpfpEJiKGaLgxPm2IlTx8Wecy3e1NHdzmVTjycXdJ%2FfLyf0dehsDb4PAU%2Bl%2FY6M%2FG7sd%2Bi1YnpXqNlbfjTxOIGOyJ0tnwJfTyzjjYZuDO5nW5iM5KgoIkUzYw9TerlGcaCWc5eKr58wgSl9L6qSAZQ5G2XUSCVoi1yu%2B8VnWB9LpcjGyQl3RxdIhMD%2FqW7JqKv2LogfZEFUwGc3VreK6j0lmFHREB%2B%7Ctkp%3ABk9SR5LBu8PeYg&LH_Auction=1
Apple iPhone 8 Plus - 64GB - Space Gray (Unlocked) A1897 (GSM),69.64,Sold  3 Oct 2023,13 bids,https://www.ebay.co.uk/itm/256237413078?epid=239080666&hash=item3ba8f0a2d6%3Ag%3A3D4AAOSw6WJk-V36&amdata=enc%3AAQAIAAAA4K%2BO36N0z6QDZs1thLcbPX15M0j7Tx4dPUehUyJrd45VE8cEIQFa8JT6aSDXRXLhMrRNisfBVhswyQuDpC%2B%2BG7kLFAVPI1aO8OcaCKBqvGIw0O6KreUsp7LJpNechbHbw0r1udAQEtny36U7rzKJmxBhEgh2KGYpLU0IRBUAnWdRiUN4tv3CAqJBuebxoGzzVArCnBqsVHBU0vFuFwOkZPIyh8AW6LoEjMh3cYK7924RIV2sA%2F5wGzElJ1PijneEnXuiB4JlNPCfs1cJufscsTkx%2FeZyvxeUUR9QR7tH29oU%7Ctkp%3ABk9SR5LBu8PeYg&LH_Auction=1
New listingApple iPhone XR - 256GB - Black (Unlocked) A1984 (CDMA + GSM),110.61,Sold  3 Oct 2023,1 bid,https://www.ebay.co.uk/itm/285500416648?epid=3023715537&hash=item427926a288%3Ag%3AujEAAOSw4b9lGz%7E1&amdata=enc%3AAQAIAAAAwEuMmokySZFWVnZHRTZE7EncVKVqtgZ2ABR7Oj6a1qy8Si6BbPqPBzMcvYsU7Xv8qhy5C9jRYGQtM%2F6%2B%2BFQE%2FnxTlSI4GJOO7vIXQvM9XOa3ZgqktfjyDgeAg%2FUrF%2BNd%2FWP25mPddFWzFb6fnHn4IYEIQrEJ6PMEvmivk54r2kdXfaTMm%2BalODmZO%2B6PARhrG0WtswYDOVJY59xlETCQidqAUHyjkBlIbVhAXxrLb3TC%2BoijQ%2F16UfNV1uKQ65GJhw%3D%3D%7Ctkp%3ABk9SR5LBu8PeYg&LH_Auction=1
New listingApple iPhone 14 Pro Max - 128GB - Deep Purple (T-Mobile)  PLEASE READ B4 Bidding,409.65,Sold  3 Oct 2023,1 bid,https://www.ebay.co.uk/itm/235239222303?epid=7056262400&hash=item36c559ac1f%3Ag%3Aoi8AAOSwB-5lF0cz&amdata=enc%3AAQAIAAAAwN1iq6G2aEJ0w4A%2FoDeNPdSbEbMKA%2FW1DQANbUO1fmvOkYmoxRgzb8KugaRbf0ZAfFRorLAJ9q387FA2xUxtRRTTdigIklGUfm67h0wPTnlAsmBDVx5FE8k1foLO1xBnUjW0uQON69sQd81IujHOM07TgpMX5VfjpgbAw2ybmwOrVKcYXR6iFdhta%2F%2Fbtxw6wtMnp9uDU2HgWpzJTMBXVqz%2BKtMzsSjOomvuVS0ROCA%2BjnYEusybtnrLbUHV8jVwGw%3D%3D%7Ctkp%3ABk9SR5LBu8PeYg&LH_Auction=1
Apple iPhone 11 Pro Max - 256GB - Midnight Green (Unlocked) A2161 (CDMA + GSM),332.64,Sold  3 Oct 2023,23 bids,https://www.ebay.co.uk/itm/175923067409?epid=17034215592&hash=item28f5d4fa11%3Ag%3AYwkAAOSwsHplElPr&amdata=enc%3AAQAIAAAAwKZ%2FS%2BqqKnm2JtfD3OFX0KHq5wLGJ87ygKLPMJ0t%2FvlJG4JlqX8xl%2B26nqN2cdF2NTyqzAMk60Xc0Hl9thejBdN3zHP30EStEec7ynK2lLTPC6FtVfJhBPuIdO8VzMvYLFM%2Ft8ptcD3L4gVYLNQov2kaNamgWJlDh8M9Kdxs5xTGGLceiH%2BlBoeiZoC8S5mI19d%2FTE5cDy%2BHQo16U5cinhwRFwi7rf4ut4F13EQyZuGHMcv%2BlFC091kGjOx1bdInBg%3D%3D%7Ctkp%3ABk9SR5LBu8PeYg&LH_Auction=1
Apple iPhone 12 Pro - 128gb - Grey (Carrier - TMO) (Read Description) 7753,218.75,Sold  3 Oct 2023,42 bids,https://www.ebay.co.uk/itm/276069769967?hash=item40470a62ef%3Ag%3A9h4AAOSwMCNlFPUO&amdata=enc%3AAQAIAAAAwIemBFhwCBje0KGoUhax6JtB2V4bfkkmM3gNzcTjJbYBb1nPMEtMb70kjrYfdRdRYNOpt%2FcLq9HMKL43r%2BYGVjLCmi%2Bfh6F8xfz%2FydR8E3CwTY4qL3vnB49mDmIhnP256Sp4%2BawUTwpXLMjkRQVa5ajDvx62TqoNNBE9kg8vk1aSYV1CyHNhy5DTxDtDL5KXPWVbFqMHe1eBywGWk6HiMotyN4B4KagRk5EEfJWL0gByh03N2yuYG%2FESRY7pfcXBFA%3D%3D%7Ctkp%3ABk9SR5LBu8PeYg&LH_Auction=1
LOT of 6 Used Apple iPhones 4S & OtterBox Cases- A1387,10.24,Sold  3 Oct 2023,4 bids,https://www.ebay.co.uk/itm/175923030177?hash=item28f5d468a1%3Ag%3AxiAAAOSwGhdlEk8M&amdata=enc%3AAQAIAAAAsAMr1YPQhd74TDVY7uXNHNDlDOfjE1cdvCc%2FoZx5loQxf9Mywjoic0pIhxCN9s4SKXANVp2M9k%2BTSWHvuEaFxAn%2Fj51ThX7ujsGzwKLqH4nN47sB8nwzpKTkQzOMlAoZhHjbop0bFqbvtoDHHh6lLly%2FK%2FBvasppLK6woxxZ4201xJKxU99KB7s1XZLruUjC97jHwhWzmsxwn7wxzX%2Bxg6jmzZluN0mus%2BHFjNhUiPm9%7Ctkp%3ABk9SR5LBu8PeYg&LH_Auction=1
Apple iPhone 11 - 64GB - Purple,53.25,Sold  3 Oct 2023,1 bid,https://www.ebay.co.uk/itm/196003079072?epid=26034221296&hash=item2da2b1a3a0%3Ag%3AzTIAAOSwMCdkkj5D&amdata=enc%3AAQAIAAAAwJp8Zpm62Y6v%2BJNJwU7JCbYPcPH7uOYY03G56zYCSPr8xi0wksy%2F%2BnSxjygtEokpLR393gAjj6yYJ%2Bhrt88w5GkdcHLwdl9XC70Yu%2FMqtpeEqxoIxdvNjAe%2Ff%2BXryoGLeSh9PW6rw2WqJVYCMJ5ZSXjMD9gdqD5xWh67nApIxo%2FCfB6%2B1imYy7vRr1wA7NWmi6Nvh9LkLaMUNV%2BfonJrPTn3DivMEpjbE4PkO8T3saNPpqgxvCaqtsSDs7Z0NJfpvA%3D%3D%7Ctkp%3ABk9SR5LBu8PeYg&LH_Auction=1
Apple iPhone X - 64GB - Space Gray (Unlocked),149.52,Sold  3 Oct 2023,19 bids,https://www.ebay.co.uk/itm/285490054054?epid=238944741&hash=item42788883a6%3Ag%3AQPUAAOSwxBtk%7E%7EaO&amdata=enc%3AAQAIAAAAwNGHYqMpip09PxJg%2BgkKr2JcXPO2OaV8mLLzEbyWlOx9%2FpW2b4U78y8et5W%2F3J94ARe94Bhy7oJFp%2BYGXDdIpkqcBTgYeezlCzCGkPwnpqtIAz5Ic2l%2FC1wPuH%2FbFl3SriTrZWV3vhYR9gIOizYU%2F19MFWTtXDYVOsnQ1KN0zWTP9Pa8SwEq%2FbX03VZmUxh8A7zuTc9d3WYa9%2BW63Ag2bmbTpjMKAoew2NorcMcJ3JOmckb5GM0I9WNpMzQKqrLa4A%3D%3D%7Ctkp%3ABk9SR5LBu8PeYg&LH_Auction=1
"APPLE IPHONE SE 64GB, 2022 3RD GEN MIDNIGHT - UNLOCKED FOR GLOBAL USE - MINT",209.74,Sold  3 Oct 2023,12 bids,https://www.ebay.co.uk/itm/295952412561?hash=item44e8236f91%3Ag%3AqikAAOSw6vFk8rdj&amdata=enc%3AAQAIAAAA4CLASCvwbNOnCVdKDTrbgUWDJBu4XQXxAADaoBPWThpJExT2kCMhbssyv8ESAX3mZ7yYGQt8DnufA3GfzVBLDXZIZSx3DoVVLAnIYGpkOf7XEocnLKYUgIeKj4V%2FKOnbUVKcXVhRqAGn5hKzjQgzFDa0EGI90%2Fc%2BOQzM8hbFRbX75f9BL22vX97TROwFotu8BpGf%2BwgPlLv4VkFVRRFQe3HT4XSMoDmREtRx54RdunNM%2BbnRLTE%2FmxENwnQRBtmu3HX1M%2FtVahRxHVk%2BoAVitTnFtGKJGe21Aw9zASagW524%7Ctkp%3ABk9SR5LBu8PeYg&LH_Auction=1
Apple iPhone 11 Pro Max - 256GB - Midnight Green (AT&T-Read Description),258.94,Sold  3 Oct 2023,10 bids,https://www.ebay.co.uk/itm/335045104879?epid=14034212822&hash=item4e023e94ef%3Ag%3AXfYAAOSw0XdlEj3R&amdata=enc%3AAQAIAAAA4EwtLPVNBLbgC44JQeDD2m82JleVD2I0IeRmQt6AUGd8KFlsyM93t%2BQwcVuPBWs0FNRpfTj3Tbv%2BzI3V%2FeY4C10LDJwN%2FXT3jvSNh8CSKweP49kWTSdkOfgnqeQ1RxzYfQrPSIM0mFNe3t0CR%2Bu%2FmjKiohk8JpyLgxooFjE4jAxoUoAxHz7sEI5%2BpYxTNQ7OVrJwXVP3V9Wp8xhaoF23gmw8t3KDdoIdbwVX%2Fy8mt5VrYOyjnK7HspAVHrcTiE8yiX6Do9oPElwNo0M3HG6b4uUemwZn%2F9eThul8Iz%2B7kbvr%7Ctkp%3ABk9SR5LBu8PeYg&LH_Auction=1
Apple iPhone 14 Pro - 512GB - Space Black (AT&T) Brand New,659.54,Sold  3 Oct 2023,4 bids,https://www.ebay.co.uk/itm/186095989635?epid=27056252069&hash=item2b542f7383%3Ag%3AUZoAAOSwGJlk-XLh&amdata=enc%3AAQAIAAAAwKJuf2H%2F0%2FT1oh5kyJYtIVz4Gjl2jtZuk8XvBjOA3NTm%2Bch7XKbWhRQC5HgpX04gvLPSv15moarOjxV%2BW0z2r0E%2F3aJpsHkWXP%2FEorRKpYGUuwjp9VfnFFInKDm%2Fc9vHoMtt2u4Hm0TZEZ9Tmc2eOR3xYgV8rqxMXGPp49WiNhR2GpeFCAQzWamyYZcNR7GFUm6uOdNSe2N%2FhU0UfWQqqVNOJrtxER4U73nlFzd52OIMzx2CKjiyIeGG%2FpODYjD0lQ%3D%3D%7Ctkp%3ABk9SR5TBu8PeYg&LH_Auction=1
Apple iPhone 11 Pro Max - 256GB - Gold (Unlocked) A2161 (CDMA + GSM),335.91,Sold  3 Oct 2023,12 bids,https://www.ebay.co.uk/itm/134743880657?epid=22034217307&hash=item1f5f5c73d1%3Ag%3AZJ4AAOSwvYplEjyX&amdata=enc%3AAQAIAAAAwHY4NHwMV%2FQvLtSilypX%2FqTmnq6d55U7BOSAZN8kpsYg5yVJLBnprri5IC3luONjXXAJ5ZxZLAwA75RGjhzNZ6p0Is37ZSHo1cJdSOjhkn0ylVIIIeovgQ17ZeqSVH%2BT71oMkyL8Go4Uf28qImaz9MrXFROyikpi25uYIlrB8mh0mA8MczEFzusAgtqzdPHBe05ajZ0e8owB0fRg6uVObAQJn%2BMFFbCS60PM4OGbx0gMCbTmO9Qt1UhMMhp7cTEByA%3D%3D%7Ctkp%3ABk9SR5TBu8PeYg&LH_Auction=1
Apple iPhone 14 Pro Max - 256GB - Space Black T-Mobile Locked.,569.42,Sold  3 Oct 2023,15 bids,https://www.ebay.co.uk/itm/364506463029?epid=3056262064&hash=item54de473b35%3Ag%3AYwEAAOSwb0llF3-H&amdata=enc%3AAQAIAAAA4HtXQpQyxzXMjFWGnwVvH1SHE2O1T52bvY%2FBxnTwjPRVjqr%2FLsg%2Fmlm54hqMsF0kedvB0erYTxfOnilfACsV7oF%2BN1weAhpYQk%2F3qmvHzvUoAZojZw206vloV7sF5UM%2FvwrSZ4AL5CgnlOdd9XmNzSzCHnV5W9XBhvYrSX6Yt4C4YShhZEKT7Q8eOfB1NLLErJoZ%2FhKsvvYVTuI%2BP57lqRZChNJMXDq4uo2kZNh5tY25bR%2BX44diPG0jRJK%2Fecv4tRohkzinZyIBWdS85w0k%2FY%2BRVUOAUA0h9ouZtT%2BwwG5J%7Ctkp%3ABk9SR5TBu8PeYg&LH_Auction=1
New listingApple iPhone XS - 256GB - Space Gray (Unlocked) A1920 (CDMA + GSM),122.9,Sold  3 Oct 2023,1 bid,https://www.ebay.co.uk/itm/115931550832?epid=6023706166&hash=item1afe0f1470%3Ag%3AS2oAAOSw5vxlG3Ao&amdata=enc%3AAQAIAAAA4KUDoBZxomglZaaQRXIn9c1Wzll3APzm3AOJl%2BSEdlZdDJ%2F8ewOBEBQEBVpmIVePr7xNzSq7V5hgxV6mO609n%2BL7hDTguFSnFDeG5SSrxKyPmHQ7bjQJCuF7phYE9lyAEZbWirkKvfDiyamQfHoPVwQvfpAtIoBX%2Fyl3fIzw1PlHoFhVp2%2FX%2Ff%2FeYAG9ubT7Tn0E5%2FdEZ3yBF2gnhYRMvZzmwGFdqUsh8%2FeQR1f54xGRg4J4Tgr3o05qYGg6b52KunseUGAVqg9RxYkn4uCq2TLEFzH5a9HrYgQBawFQ%2BY7B%7Ctkp%3ABk9SR5TBu8PeYg&LH_Auction=1
Apple iPhone 6 - Excellent Cond (Fully Unlocked) A1549 (CDMA + GSM),29.11,Sold  3 Oct 2023,10 bids,https://www.ebay.co.uk/itm/225790064082?epid=2151583151&hash=item349222f5d2%3Ag%3AaagAAOSw8jZlC6ZK&amdata=enc%3AAQAIAAAA0PUo2cmZHEho6I4BIJsv1bOXIBmFCqUdgsu3GLqNOQxbxVIbQFFXj%2FB%2FKTv5SKWDBkxViAMnnH13%2FSGKaiqXIP%2BWRgcZPnX2GsJyGdlcgoeI02C0fXQCuTmIdFLJ5wsKUNQ%2FIsBKbTit%2FnXKD2XAHnyE5MRLbspr3h2hraDZ7ykTzshR4yjrCkFvvHRUO3fmZ531WZ9ZEoY3hVzaDOTQCzhPmOQnt1%2Bis1d%2Bvg8UNyDBiLel3Bmm1zi1Fi2dnMbSgMOBbFikYB5X54Sa8TzbOlU%3D%7Ctkp%3ABk9SR5TBu8PeYg&LH_Auction=1
"Apple iPhone 14 Pro - 256GB - Space Black (Unlocked), Mod #A2650 W/Box",631.68,Sold  3 Oct 2023,25 bids,https://www.ebay.co.uk/itm/266429541151?epid=5056262890&hash=item3e08702b1f%3Ag%3AhKsAAOSwohplFG1X&amdata=enc%3AAQAIAAAA4HpF8Zo07lMrb74hLADOq7tL3kdyFAhHb3DPe%2B2dkylS5ylxvMJWfh7i3gwpCXHm6htj1xmnXrgr9f5ZshMNVOOFWQrYODO0X871x207Jyi06zJS5EniSrNiNHKMS9Y0Stj5T0zrNZwqjZ95ODCtzzaGdp2ZQaVMKxTJE%2FKzusnh0BFjHlfWsWa29NkiPZJK2u53CL9Qa2es%2F9%2FwObeiZhf2iDDFzb6xol1S8RH5IqdmuxLPUAwn9VXVtH2kimb%2BgsR5rOGYOK%2FRi6%2Ffp0Ai308M1kGqsPDHunEC%2FP0vfSgA%7Ctkp%3ABk9SR5TBu8PeYg&LH_Auction=1
Apple iPhone 7 - 32G-Black (Fully Unlocked) A1660 (CDMA+GSM) Excellent Cond,70.46,Sold  3 Oct 2023,16 bids,https://www.ebay.co.uk/itm/225790062138?epid=15051465978&hash=item349222ee3a%3Ag%3AT5wAAOSwl-VlC6oB&amdata=enc%3AAQAIAAAA0JvZaZ06FanC8jG6yzHMHiYEF%2Bc6wWW5llS0FtGiNDxKbp%2FlPM%2FHVimKYsUhjLrVD9dE9F%2BTJgipnLuo069pFes33U873QZwPnBBTbbEY56SDOWx7fjoEH2GoXcbIne6fKI0ndmwjBpr4JRl3hw69KmmREkmh%2Bn2aM1LGkrydfFxJoaQXX%2FG917K%2ByySoU5A41MVlxI%2BsPGp0vZohVedg2c7bhH0GYfHeuwVxye5XU8HgPHw2uaJE%2BpBMPsRN%2FvMnFUwY1GF%2BytdK8zRQQxqKTQ%3D%7Ctkp%3ABk9SR5TBu8PeYg&LH_Auction=1
New listingApple iPhone 11 - 64GB - White (Verizon) A2111 (CDMA + GSM),184.34,Sold  3 Oct 2023,1 bid,https://www.ebay.co.uk/itm/204483997129?epid=6034218712&hash=item2f9c322dc9%3Ag%3ArwcAAOSwZOxlGyMK&amdata=enc%3AAQAIAAAAwC8xBRzodt0%2BNbkTNEiPoX3xZ8MwFMHqSBtTe1OG%2B47uqNJZP6EHarIO8CPo8geLgXP2HJIHO6FHoOXBp3P%2FYLA6s6vfrFnpccEhWHPikbYi2fNGW90vwJa86CBNTj2eKOP8AI8ayW6lTw9l7aEXlqhZ9OGXNs%2Fzvh0Mc1gU7Lw8Ngtun2jXQk0wIKCBqiuP%2B0IOpIReqVVLx18v5rlRbc%2FhbyeyOyG0DRwPMwSnFknJCjpqqTnnE10CIgC1vhfn0g%3D%3D%7Ctkp%3ABk9SR5TBu8PeYg&LH_Auction=1
New listingApple iPhone 11 - 64GB - Black (Verizon) A2111 (CDMA + GSM),184.34,Sold  3 Oct 2023,1 bid,https://www.ebay.co.uk/itm/204484005542?epid=27034209755&hash=item2f9c324ea6%3Ag%3AXPEAAOSwUrdlGySj&amdata=enc%3AAQAIAAAA4Ce2HeFP0DYr%2FVRpwHt5x81GEs4Sgbv5yAsR0iqnFEIAFh2iynCLB89AhR8v5Y6FGHL80gUHaAxkZzkvFOwTHj6rW88MbkVscFyn3gCt0g4MBtM5clRAPKy7zFd1uk6jo094thDgc1f3MiL1IEZjF7laNxffqd54J1V%2Bo31%2B5P%2F%2BAx6RpULev0l%2B4XBeKox4QGtIhlYFwPgFpHVAt3wL6ipQG2syQImo7wqRBYeFdQ1Gc%2FKuJwPWuho%2BKE4HBgu0iNXUyCF%2F3Sk44DfQ1SH9E64fXmbJxXcTSppiisIaPu0d%7Ctkp%3ABk9SR5TBu8PeYg&LH_Auction=1
Apple iPhone 3GS - 8GB - Black (Unlocked) A1303 (GSM),18.43,Sold  3 Oct 2023,3 bids,https://www.ebay.co.uk/itm/394904840623?epid=99984545&hash=item5bf229a9af%3Ag%3A010AAOSw%7EkBkMIBB&amdata=enc%3AAQAIAAAA4BX82QVEEtQYuu2Rrz5IQlkvCd7IZWa1ODjK0SuR%2BtUZAM7G%2BT2DaorJ80uCL%2FsQEvxzZnKeUjbOvwuSfkFb%2FNf%2BwTxU2ChB3X37TN5Pps5p0pn3eWH20nhwZ2LvWGVE%2FticeqTuQa0tDzpNnJqm0A5N7KRoyFc81tyj1gxFdBZhRqNpq9OwoRDm958LLvXK6LIr4Ax4pEPbL7EKWq%2Bb%2FTrMbEc8ebYqMkSULXU%2FpI61GJsC42NwYRy0nh6ez%2Bdw98P4xMGefjpK12MrnBdKOnuVABEintHq62S%2Be5VZfjCZ%7Ctkp%3ABk9SR5TBu8PeYg&LH_Auction=1
Apple iPhone 5s ME341LL/A Space Gray Dual Core Verizon 16 GB 4 Inch SmartphoneCharity item,8.6,Sold  3 Oct 2023,2 bids,https://www.ebay.co.uk/itm/166344277226?epid=22041631599&hash=item26bae43cea%3Ag%3AelYAAOSwWK5lDjl2&amdata=enc%3AAQAIAAAA4BFsfOqoFON4l4YOOitGk%2F7IVYwx3Rv4ni1%2BANT1ZxjTcexnPHXHq33vGkb5bZSoTf3agMlb9b%2Fi87CSD1sy%2B%2BKlCwDnJPbVbUwGaxyGp505fEcSDYJROBhXm5b75gSFLbjAZCykiMQlikU4GJWVHZNyXozhjSg3ILkjaOylSWeX5jGGbzJbn5O1HnfVos5DxKge2qgHVOV6faeqLbmHDfBBXm7vsnMwwGwXXe7%2B3XxSdg4UeWwJxKEhlU4LaImkep52J4bl65aezAbtzXBUuLf88vcpbaVEg50HBkH1rekO%7Ctkp%3ABk9SR5TBu8PeYg&LH_Auction=1
Apple iPhone 8 Locked with No Password,40.97,Sold  3 Oct 2023,12 bids,https://www.ebay.co.uk/itm/175922776754?hash=item28f5d08ab2%3Ag%3ATkUAAOSwArZlA6Ht&amdata=enc%3AAQAIAAAA4JRfsYeLmbCSTa9MtXm8dkz0zar0mV8qwxG4%2FRjKxk9ImG4%2BqEOYGDr%2FNGJGlK18JhPjS7z8PbUSDC%2FwtTlVeRGBXvzfkDBsVkXydVH4PKbumxJTe%2BVQCn27ReU%2BzRbzhKPsGBGd3XaQ%2F%2F1ogd6UDeAxRJB2aR0mfSF9rgXnd%2FOXiijDJuO2ro9d8IiTL0XVPeHRbk95Bk795k0mCBfncFQ4swawOzF6V1w%2F7Z8hbUXMZG5x5kfVGS4keJvy0WosC8KxTdjnYXaJ%2F%2BGSEoZiaMCTPvuJ1E8RpwhEyTmp052k%7Ctkp%3ABk9SR5TBu8PeYg&LH_Auction=1
"Apple iPhone 11 - 64GB - Black  (Unlocked), with original box and charging cord",208.92,Sold  3 Oct 2023,23 bids,https://www.ebay.co.uk/itm/126119162839?epid=17035818063&hash=item1d5d49b3d7%3Ag%3Avr8AAOSwlDtlF2%7Et&amdata=enc%3AAQAIAAAA4JJEMDKVyZfEPQHtI8mm0e%2F2kkKM2P8OLI%2BIhZLUbsPAJLfBEURFnnk2drXMFSeBqH4coZwxBZ1GBEizo85hFEhD2F10e0%2F3MzIy%2BSPHZznFZFaT96Or9XgXrflLxI87UtMh%2BFvKTkc%2F1vJN8OrXmcZVhTihLmYtv8go65tZK1GkVfE%2Fx0tqTv6h5XLKnXkxWtTC9Z3UO1mzhyGg1Bn%2Bj5d1LfDARrF%2BIzcgeEKQ9tzf7bzVUY6eJ1xutJa9pMPKKO7Uo1xUie9wU2iWQWFlN5KE5SsFkuK2BwQyAaH2U0AS%7Ctkp%3ABk9SR5TBu8PeYg&LH_Auction=1
Apple iPhone SE 3rd Gen Lot All Power On - 64GB  Realy To Go Parts Lot,54.07,Sold  3 Oct 2023,6 bids,https://www.ebay.co.uk/itm/404509190510?hash=item5e2ea0696e%3Ag%3A%7E4oAAOSwjn5lDilX&amdata=enc%3AAQAIAAAAwDVcNxhgQIiaUQ9zCIuK3SQWlSo1z%2FCmXILOX13f0UTFpRPOdO03r55Y96tUKjDGCfYuzi5vgZQF8cPzfPQ4Z7u7GZBWNFIYI2dY8eIqwciT9D%2Bl2bOd9Ph5Te5uFZ%2FurI9mP%2B2TCMJZpyuxGDQwJ6JcNVUlSA%2BZCv%2BbkXstpk2KBJtowU04hrkzuD%2BVFYP2iYK6zjFabRBe15WfjgneyGTcks1lBdgj9XIDJDsGkWbYxULPdcdPy8TRNthinYQlzg%3D%3D%7Ctkp%3ABk9SR5TBu8PeYg&LH_Auction=1
Apple iPhone XR - 64GB - Black (Unlocked) A1984 (CDMA + GSM),40.97,Sold  3 Oct 2023,1 bid,https://www.ebay.co.uk/itm/374950321235?epid=13023706562&hash=item574cc7dc53%3Ag%3A2-kAAOSw8MBlCOEI&amdata=enc%3AAQAIAAAA4IaLE9CGehvUuJjwfxhZx%2FH7853y7AvljnKbiVVzZe2x8CaO9kgcoAQ2h0b3yWWA%2BHRe1efhMR46Dj7R5ixmtVbqB3nOOecH81i7tdIxmoL1FRZCRA%2FQCAT%2B4hV0F4SDGKIfQIC6gbaOqYu051kmFEmt4eM%2FsAtor5UVDatJmm6e0ns26tZ6otTVi5LajUVH6eA%2BX5pj%2BZQ8SL95p%2Bd8iHmAfsNW6PdTSyy1dDpHcupND5Z0OAS2XyVexJ8%2FbwDFt4tL5zp9sNd1NmwOxlzlwXB6Q%2B%2FROkk4AyiqscWcGFC6%7Ctkp%3ABk9SR5TBu8PeYg&LH_Auction=1
Apple iPhone 13 Pro Max - 512GB - Sierra Blue (Unlocked) A2643 (GSM),720.0,Sold  3 Oct 2023,19 bids,https://www.ebay.co.uk/itm/305174245615?epid=8049288632&hash=item470dcd70ef%3Ag%3AUUYAAOSwoIZlGgS2&amdata=enc%3AAQAIAAAAwN5vO0bzoCRHKZkeTOi5aekmnqCRjzza83mNcec%2F%2B6qJKXWBDLDa9sBkKwsKFtBlPOHt76%2FaH6aFkVYHY1n6AFY%2F04LvHIvV34WwNLHG7CDPiWvFPMH6XSrZWypv%2BdnJIel%2Be8OWswZvXTw3tvnUo%2Fk8Qni4o%2B%2FteV006YeX5bpAeH17EontkbPitr1egtgemyFJZLKwIo0WM2gkvg6szKxioaas93te94IpNsGsLv6fsHS1UwKoUbjDnj1viur00A%3D%3D%7Ctkp%3ABk9SR5bBu8PeYg&LH_Auction=1
Apple iPhone SE 3rd Gen. (PRODUCT)RED - 64GB - (T-Mobile) **PONW/SALVAGE/READ!**,73.73,Sold  3 Oct 2023,1 bid,https://www.ebay.co.uk/itm/145321065560?epid=20052772938&hash=item21d5cf7c58%3Ag%3AINAAAOSwEa9lD7eq&amdata=enc%3AAQAIAAAAwERo7RZLqXhJDhwSzzZZl9x8S8UheBu2AW%2BybGkoTKhWW8BKJYlMZY7nMeZJ0l0TkkTBRh6ZKvRLLzLLsIHXFdKNL4NJEOxfmGVdCYOwDOgqGsipmb1OJTzgDJWMxRtlozvPywe8xTrSU0sb3btC7mDHoTVcHxMpMebQmve7e2Cv%2B%2BbTbAqTyk1D8EsEqDb77qt%2FJ%2FLHFByMdLoxEBCqx3uGapQvPomL1m7B0T7XLlNDynvx6tH3IYv6ew9Pn1vkvA%3D%3D%7Ctkp%3ABk9SR5bBu8PeYg&LH_Auction=1
Apple iPhone 6S. # A1633. Silver,8.18,Sold  3 Oct 2023,1 bid,https://www.ebay.co.uk/itm/305160655557?hash=item470cfe12c5%3Ag%3Am2EAAOSww3VkpHxB&amdata=enc%3AAQAIAAAA4NqjYhpjr6r%2FvMXXShloOGVbJuEYKduL8Mlmqla7QjbXErIi6K4BqmO3F%2B1h4kQOACnQPcDG8J16eeksa53pN%2BwvbMM2SM28HbOYM0AUg99wWVE%2F598l%2BdmMlNC9aSYuoUBnS4d48nVIy4XM4Q7U14FN4FJclAEz5DzxrqwT2W24s7%2FU6D%2BH9jqLSAokNkVPlM0ImL%2Fif%2Bw1mVnRNtZbDtN8LHLZDSrZGwBuFHw%2BJnJ8aSXmUIc0L6NozCfvYVzj72hFhgZq3qmPlcsT6w8oMk3DMj%2B8qOjGydksYux0Agaz%7Ctkp%3ABk9SR5bBu8PeYg&LH_Auction=1
brand new in box 256 GB iphone 14 starlight,401.46,Sold  3 Oct 2023,17 bids,https://www.ebay.co.uk/itm/186095847599?hash=item2b542d48af%3Ag%3AM0YAAOSw4QNk8VkY&amdata=enc%3AAQAIAAAA4FJPz01GdQN%2FPhNsUkV3FewXfz3qgwc2YDvzNOAUyDaYds5BvNAXUONCXekyHXIbefir1y24azQT%2FOENJGcDUTmfAR9yZXihuFc7GU258X08MqacHcpv5Su%2BnD7G7y5vQ7bTBuy9rkx9sFPoiJqdpskRMrDWw6MVKdxfICRQInnLcVQeEq1juF07rgN7YriwH8Bq8fe9WQx81xkOkq94dVjEFufZ0IkJ1CMdEr6pVaXo0sJm3GICA7qb0cUc0N5FIpaOV1HCNycjWSkZwJevgHKsG%2FDH1uf5zFOh99YvP0%2BX%7Ctkp%3ABk9SR5bBu8PeYg&LH_Auction=1
Apple iPhone 11 Pro Max - 64GB - Gold (Unlocked) A2161 (CDMA + GSM),286.76,Sold  3 Oct 2023,75 bids,https://www.ebay.co.uk/itm/295952179596?epid=23034220760&hash=item44e81fe18c%3Ag%3Ae3UAAOSwgPReNsmD&amdata=enc%3AAQAIAAAA4CQ4M7FGcnr%2BeS%2F5HOdnh4L2emNu6IgSOai6x7WMDboqGU6X91Ke%2BMpUkKAS8fe%2Fdj3DorhEXCLxdgmYqbGd0mWJiY3oFLL2g446FL%2F6Tap3ueaerx7ZYpDVzIoHWXnixCrug7DC20lCBw%2FfbrykzNL%2FxkefwlncT8KEBX7tNLRfvXN8S%2F8WmdAIbaogQ751aZQ0KU0HjOO7pVU%2FFwDZ8uCuEhGLRudKLuiwYjIZ%2FJo%2Bq9HFc9VBjp%2FnfxBc0reqwnoV6AaZkmlPQNVLWb3nTFO9aheSgRB89W7%2FVwZ%2F9AEu%7Ctkp%3ABk9SR5bBu8PeYg&LH_Auction=1
Apple iPhone SE - 32GB - Silver (Unlocked) A1662 (CDMA + GSM),36.87,Sold  3 Oct 2023,8 bids,https://www.ebay.co.uk/itm/266432529096?epid=17057002937&hash=item3e089dc2c8%3Ag%3AFaQAAOSwzzNlDnWQ&amdata=enc%3AAQAIAAAA4DvVoBI%2FBgwWIQFIenNnWKvc9GrZlksNH%2F3hAB5u9TrxPjBFMg6b7j11D82rNrYB9GmzQyZSl%2FUFlBl5%2Bpw6%2BhF7VOUwDwd8VMRdvfKhQ4gRlXyx5npwb0xeeXtKJXHm9MVz33LFz2LJCZbCEubRMVNADecjxg3P%2Fq8YTg8%2FRpxRz%2BjBgnHwYxfkpyPulbmfoEfnFUozqFkSbLPKDlSPgebv2nufdivh1BVgP7eGgmNMp3qQpcNdQcue2xLQxQJtz1CqBTukdB3fbhVqrhwuQ4QcGg6La4I9kC0IBxlbrUgX%7Ctkp%3ABk9SR5bBu8PeYg&LH_Auction=1
New listingApple iPhone 14 Pro Max - 128GB - Silver (AT&T) Reserved,327.72,Sold  3 Oct 2023,1 bid,https://www.ebay.co.uk/itm/196010068277?hash=item2da31c4935%3Ag%3Aul8AAOSwxK9lG1F3&amdata=enc%3AAQAIAAAAwEAX1Vc%2FRntuaZVbsbMV5JuDK7urpeIg67GgHc2m4goQ3%2BLddr3Y0uibNWm4Vn1tASYAAeCs%2Ftx67iEMNTNfmdj%2BGLHvD%2FVnYwmedjy84mNw588MeLrh3UI42tpa%2FcL46%2BGovywwl7PLCaU%2FwiMgGh5BuCx8QNSz4KUGhTjMgjuMwYMGMih5ycgnYl4jjHSi5rF%2BQ2Oo060xIcBGMMSkGiMgShNGdP3%2BBdiHlUviG%2BP30hp0ebHLk190%2BOqkxpHxyw%3D%3D%7Ctkp%3ABk9SR5bBu8PeYg&LH_Auction=1
Apple iPhone 7 - 128GB - Black (Unlocked) A1778 (GSM),56.53,Sold  3 Oct 2023,6 bids,https://www.ebay.co.uk/itm/266426308045?epid=240455119&hash=item3e083ed5cd%3Ag%3AjvsAAOSw8e5lEhYQ&amdata=enc%3AAQAIAAAA4H50kvqcbyVsKYaIQ5Mp%2Bey9Lu7cYLKEh56ok3FAwf%2BGxKvrwmxzF63oxmb%2BLT6HKUIJ%2B%2FcViUeo%2FFqlbJbYuDgKlyptwhLRaQa3AJBRVYqBwZznkjj1zOSBXiWpP2wrEuyVsF1f%2FuBQGAlaqIGJmz%2FRv30%2B8ATpgXz3YVCj5vOWqSkyWPpL%2B5oDP%2F60Njb7rsnW3gfP%2FPfrLBON3P6I1w6I%2BpO9Cij3p62%2BKXGrCzHREIC6o23sZ%2B0B2DqDj4Jmf7ImlS%2FZ%2BnewQG9XrsntCCmaO8K8qzflcjkSlGdoLfNg%7Ctkp%3ABk9SR5bBu8PeYg&LH_Auction=1
Apple iPhone SE - 64GB - Space Gray (Unlocked) Grade A - iOS 14!,61.44,Sold  3 Oct 2023,31 bids,https://www.ebay.co.uk/itm/386159177051?epid=220278114&hash=item59e8e16d5b%3Ag%3AhmsAAOSwLsxlGGJC&amdata=enc%3AAQAIAAAAwNU7%2FIpfjyZo5Dv5tXZ7pfXiGA9ixmMpIA3FHdTVU0zQSuy0VChnUxfFdZi9vcciUVYVBBPI6Crcux1qkaqJAY%2BUbDKIeZao50m2c7t4bUwJq8Ke3EvB%2FVNxQvVUB622xxl7tKQtGBfJU1jOrytkHz4zClWMUMhkYrUB376a3zaEpdDhu%2FvVTzv8w0na4WJIhMNC9g0CgTvaEWWTT%2BkVRvK3zd0XihknAD1p9CPmC0msp5GIecVq9m1wvvIpN2d5Kg%3D%3D%7Ctkp%3ABk9SR5bBu8PeYg&LH_Auction=1
New listingApple iPhone 12 Pro Max - 256GB - Pacific Blue (Unlocked) A2342 (CDMA + GSM),430.13,Sold  3 Oct 2023,1 bid,https://www.ebay.co.uk/itm/134752709757?epid=24041710348&hash=item1f5fe32c7d%3Ag%3ABegAAOSwMCVlGzEk&amdata=enc%3AAQAIAAAA4E9Q8fRPYU4BlSZv81A3ggPs%2Fl1WS6G6ezxuJLgGODtxlgtMnNu9Mi5seCxIIDS0GfW7lOzRyE1c8ad%2Fcd1YcK9y4mYi7fINrGPLd7Cwh9DdUcOKu1fq3a0luxtHS7WF1Ji2lJCn0MbetpxEiUxUE6KCL3AwwUBC2NYbCedQVq8gaa5Z6PH6FGQdTGe6PKc06hUHdH1W35dkBwRif4b8%2Ff8LLBEJWEUlCX6yHtri55QBpAGSb1NydL6F8IuZxWPHN6I2UdY8uO4BToVO1%2BWlKtETORoV9gjdHNtF0HVoqCp2%7Ctkp%3ABk9SR5bBu8PeYg&LH_Auction=1
New listingApple iPhone 14 Pro Max - 128GB - Silver (AT&T)  nice phone white in color ,327.72,Sold  3 Oct 2023,1 bid,https://www.ebay.co.uk/itm/196010037916?hash=item2da31bd29c%3Ag%3AT68AAOSwPmtlG0on&amdata=enc%3AAQAIAAAAwH5sihi8qiXOCO4SrWlqlldihgqHF5tCRpRkacf%2F8O3uCZ%2Fm%2FAMzDsyFY531zQiFgwWRDxPqd1%2FNB9YNSjrQCmsDC61sYvxq%2BG%2BkTSVA5%2B92qAngUGksmRDzCtpfXCzZSiQMduCJqu5XLDBOvsbyqZW6OAWEYlTuTjmx9zPJ5ysXeIR0rMOVTBzz2eKE7sqG5Yyz2a9%2BiouFD9ltIIJUr77pzG9jyoo%2FCHsc5J1ByQPkFFmoh5pQoF8OT6%2BZigcukg%3D%3D%7Ctkp%3ABk9SR5bBu8PeYg&LH_Auction=1
Cell Phone Lot  14 Phones Total. Iphone Galaxy Samsung Lg Blackberry Nokia,145.43,Sold  2 Oct 2023,15 bids,https://www.ebay.co.uk/itm/386147541915?hash=item59e82fe39b%3Ag%3Azb4AAOSw4AxlEgyD&amdata=enc%3AAQAIAAAA4FXoHX3r1%2FB6x4IoCDGXVbB0ckCwnnSsLvuqrit9MC%2BJO8J7pHiNh7Pkzt%2F%2ByGQOvOhP2gLzhDPhpIkgcCKPHlLoyvG601AHwp%2FJOp7vgBpbg1k7vGBY1ueSh%2FUNDGCCNCoBHEi%2F8lsTV7W%2BKwN3AtUyzLWSDEqPcD%2FIew7P4RTTjNBgUZDdi0U598yU1gHoBHoBthcnfplywMROUIMeo19hFdcVaG8qTviXmCU9DWwz8BwR4U%2BqxC2c%2BmnPmNnPeOQHpxWPTJPmw3JN0PTLyIwGSjjdq%2ByZefDi3z3rCv9W%7Ctkp%3ABk9SR5bBu8PeYg&LH_Auction=1
Lot Of 3 - Apple iPhone SE 2020 & Other iPhones - Untested - Unknown Status,6.96,Sold  2 Oct 2023,9 bids,https://www.ebay.co.uk/itm/386147510226?hash=item59e82f67d2%3Ag%3AM4MAAOSwEBVlEgaA&amdata=enc%3AAQAIAAAA4F0ySnMDL%2B8bt1Sat17luqmKZGh%2BR4V3FvnjirvuykfqwQsjMtPIlcx7bSo5ypt9v%2BwDG1JzLyHSJXkU6rGJdpWDc%2BVQ2UyB47qgITuGx%2BWvqkGRgM5UjCvYYDJnujsLpgj5ZHXOnq4Ma8a3ygc2tbAxQ2QP3NsTh%2BsMxbD1%2B6Fp8Bd8c8oCSb3z19GZDN48h81DqKpxRADqh2%2FbTXrqj94Nc4GD3dTtY8EtAB6SvRtpHhhlY%2BBEAaHo7IuXQBhA1UkZVQnwwmt%2FArVQUyPO9YvlbNE6VClJ7bmpFgCf%2BaLM%7Ctkp%3ABk9SR5bBu8PeYg&LH_Auction=1
326 - iPhone 5S Faulty as Replacement Part 64GB A1457,3.04,Sold  2 Oct 2023,4 bids,https://www.ebay.co.uk/itm/325823426639?hash=item4bdc96f04f%3Ag%3A3-IAAOSwD9tlDhA%7E&amdata=enc%3AAQAIAAAAsLOHXzrZxKFAaCRhOJVbO%2Fq6y4%2FywT0BwcciGooPiyhGo4muSINfRS%2FXKZavTAptwjtVt26RrUlDuegZT3RVLVgQgKuGUudNCGbMJ7mxtTF7N2YXM0u6zAdP0HErxwZEQT8we%2FGv5KucxA%2BCv6dWzQ6M2X9xtIUG7vJuFcs%2FQoJytFuDqcLFyF9FJWa1nYxCGBeSkRYb6u28w%2FxzpHj6Qx%2BXDrB%2F4VfaHmNm08xz%2FSv1%7Ctkp%3ABk9SR5bBu8PeYg&LH_Auction=1
Apple iPhone 12 - 256GB - Blue IC for Parts ,88.08,Sold  2 Oct 2023,4 bids,https://www.ebay.co.uk/itm/204476227045?epid=18041715094&hash=item2f9bbb9de5%3Ag%3A328AAOSwX2VlEgMi&amdata=enc%3AAQAIAAAA4KkQC81lovFzd6l3jxzbnIiG526j0XZChqje5rILE1%2BakYRIjxJTJUKxqyaw2it3%2F8StasZAcqM0yaPry8j6dJdHcy5osIHZlvAa1o1zJzYd9boVl1diCAFGLnFSN0ui4e0W2mJIr1U7J6ASV238pwrVAT8x9D74IVWQDHzIQGicp5h04wLr1LAeCeHUCUNvGAQCOha%2FB0P%2BY5CNBTX3AHsxHLla7%2BKtmNQAUvQR68%2BAY5BiRffDOXdyZ1htVr%2FyVIIawU9kxMAhCFpB36NZ6nQIHJSeEAdSDPEkZz%2FY%2FDtJ%7Ctkp%3ABk9SR5bBu8PeYg&LH_Auction=1
Apple iPhone 12 - 64GB - Blue (AT&T) - AS-IS,137.23,Sold  2 Oct 2023,55 bids,https://www.ebay.co.uk/itm/314853899627?epid=18041714849&hash=item494ec13d6b%3Ag%3A9EAAAOSwp-Fk9e9%7E&amdata=enc%3AAQAIAAAAwLDg75gjWfXrvB1I8DAiOScDG0UBdFz7A%2FdTbGzTi0pMwXJ00WcWyXGeCizo7tfF%2FqnMtDibg7F%2FGpn35Yg5r4GVpCUZC94SXnXnEeiQp1RSSlJtaNweEj5l7U4prwxyGd2sN2HbW19iDSGpcDWzlbfeuwHHOI08kH6Gg8zMVw9kFeQyWdIZupLmmCNrTQLYYkuvZttY7FFNZsx7L8RJUgoK0Z%2F13kIc5NJMIqGUkAnCB4C2uw4uCokC79yFe8WOIQ%3D%3D%7Ctkp%3ABk9SR5bBu8PeYg&LH_Auction=1
Apple iPhone 13 Pro Max - 128GB - Gray (ATT) (Read Description) DC1055,491.58,Sold  2 Oct 2023,81 bids,https://www.ebay.co.uk/itm/276069463175?epid=19049287628&hash=item404705b487%3Ag%3AXCYAAOSwrAxk0p9Y&amdata=enc%3AAQAIAAAAwPMmm6lRd6lzJyzPkBEQy2jFD0zM5NyjYRuuVWEsitVt20QLAIXpzTVNK2OGWBTANFP2obk1KtMTa1g%2FHty5pPGLL5U9XNxUCRaeWaGKQew9w9saL2HbQA9%2BT866OSS24xxpEhmQBWplq%2BoRlST%2FfcrG%2FLHTCpBwM7UZLfLwmU07X6bfo%2BIVxEzht%2Bwz5Z0XVYOOrnXyIcOAkIgViS2q7YqcF2TISlmb1hP5FVLMSYrzVW3tDx2OEr%2B8HjjU8TN0zQ%3D%3D%7Ctkp%3ABk9SR5bBu8PeYg&LH_Auction=1
Apple iPhone XR - 128GB - Black (Unlocked) A2105 (GSM),114.0,Sold  2 Oct 2023,11 bids,https://www.ebay.co.uk/itm/355058425156?epid=14023707667&hash=item52ab219d44%3Ag%3AC38AAOSwhCNlEgAM&amdata=enc%3AAQAIAAAA4JOJOTxnnvxf%2FlYQmLfoBOlhHW%2FsB1yf%2BT%2FaIgQuRK8qtaHvW5WZ%2BdmK5Kbwtl%2Bo8nUgUKQ%2FEQ0qQnxyn21fT12KukZxNwJDqN0GIvT5E%2BsYq58NKurvSqsUK1FopF1un8QZUmXXFJiOo%2FRwPnYUdLh6RJLgqoN%2BRqM9%2BMXNzqeSqPqaqvHxWImvzonqRpcbUJAp2tsEEGNi98rWgBmtYIIlyayC4%2F7ZGe3KeJ39rJ5jqUsL%2FMaQI4tBglMSk6CHH%2FWTUE70zHLrim%2Bp4jCVVb4P7RUPkJOKBM1CbW12L4rB%7Ctkp%3ABk9SR5jBu8PeYg&LH_Auction=1
Apple iPhone 14 Pro Max - 128GB - Deep Purple (T-Mobile),443.24,Sold  2 Oct 2023,17 bids,https://www.ebay.co.uk/itm/235233053241?epid=7056262400&hash=item36c4fb8a39%3Ag%3Aoi8AAOSwB-5lF0cz&amdata=enc%3AAQAIAAAA4KWcw24KX1UvGtTf6Z564FZ06Ug59PKQSGNjkONcI%2B0yNmjoMyoiWtm6BseptiFrfFaUh3EohCnMTq3qgUeu4PsWbzGA4egvPmPK5TRiYTiQN81VXCpUKSdwvJaR%2FHbmxDc8zBcHhRFG5T73T2sE7dLn1dlpCmttv76HchAxr0V%2ByTgHTtlTlyaan%2BGo0QTf1%2BargNyrWy0M6BY3dyf88idlKUQBfQGswVCo8%2Ffm0dnoevctrbV2tK5JwTqyCIKWU7F0RM4R5xBWvwwtZZZeZPwhnl5J5X0AFi3XOpXm9q8C%7Ctkp%3ABk9SR5jBu8PeYg&LH_Auction=1
Apple iPhone XR - 64GB - White (AT&T) A1984 (CDMA + GSM),88.08,Sold  2 Oct 2023,9 bids,https://www.ebay.co.uk/itm/256239731556?epid=3023715527&hash=item3ba9140364%3Ag%3AdPwAAOSwFxtlGeal&amdata=enc%3AAQAIAAAAwHNGHLeTLdcrRD7m3nwvje0B7vrXLugzh2zzoHZyBm4aF0%2Fe1ETKrhWCvVTDPbBXxkvP51kFBZc6eS1yYN9tzxdtKxernSB9l3vcWe8m7smVYo1AqEMa5DnLLg4DydUWk7JVrta9GWfzBsnoYNLN5xvqR7baW%2F%2Fy9pn7bVDN7ZVJcOeOwMhlqZ9o%2BNFc%2FN7ugNICDYa%2B9dhmI83ZDP2AtaCJ6836mumELUNqTSuiopMAUdoiyGFzF09tlVjSBHsX%2Bw%3D%3D%7Ctkp%3ABk9SR5jBu8PeYg&LH_Auction=1
Apple iPhone 8 Plus - For Parts ,10.24,Sold  2 Oct 2023,2 bids,https://www.ebay.co.uk/itm/204476213591?epid=240420160&hash=item2f9bbb6957%3Ag%3AKA8AAOSw7uVlEfzX&amdata=enc%3AAQAIAAAAwNrtuodtlCx8ZGjJ1v2z7LU6SfGLDpHKdzwkQXWj1b9OmA5qOE09U1XDlAIdJtNFUzlid8YKECtY1BUP5kdsfSsfGhAYLPezq2EfURUWy%2Bb9nqrUbyLSh0mtEX9nmmH%2B5%2BeHIORR2YVnFYI4muJJtPszIjXGh44DreQJO7X5la1Z7fNmSkqLzrt0tGeRPxflLkCPfyat9FlByWiRfXgRKkbzHXuB4YMV%2BskdR5A7qRtF4BoZMpZZ2MzQ9zR4lxOKWA%3D%3D%7Ctkp%3ABk9SR5jBu8PeYg&LH_Auction=1
Apple iPhone 14 Pro Max - 512GB - Deep Purple 53 Carrier Lock and Cracked Back,459.63,Sold  2 Oct 2023,7 bids,https://www.ebay.co.uk/itm/256229158016?hash=item3ba872ac80%3Ag%3Any8AAOSw91JlDghZ&amdata=enc%3AAQAIAAAA4DeEIgSiEBD9rAXNablzifUpI0qHewPET2o%2B6E4pU28kXoZ2enwWbJ463apGBs1%2FTW5vmbGvZkj6Ahn3PreMEcbCAepiKqd2fx7xTSUyZwU1cE%2BRbDT%2BF%2Fnhp81m650sJOSGiUlne2vqR7nHL0HBmr1Kn3t3EAcqjIdP2Aonek5JUO5stQwVjXQ2y9XFvwxwvSpqsXSjSIHQobXR9SsKrCMgsJC9zq%2FjfL75TEXC1Dxm3QukTjK4OxC%2FHfYNdqwubStQdSQiyLfit2FXzA1tlTMAPelx1PWXMQ2EoUZubUwf%7Ctkp%3ABk9SR5jBu8PeYg&LH_Auction=1
"New listingGreen iPhone 12 128gb Unlocked, Great Condition. See Description",244.97,Sold  2 Oct 2023,1 bid,https://www.ebay.co.uk/itm/126118973672?epid=10041718568&hash=item1d5d46d0e8%3Ag%3AL0EAAOSwt4hlGd1a&amdata=enc%3AAQAIAAAA4IPu7MDovsm7nYs2a2K%2B6JwRqcbFCq0ESJTMrEoJWt%2BGIBB5uWIVFFXFDmr9%2BS0J5z228p3A1JqZEm1ZHf%2BTk7NjlMwioYX4041hTdoMJ5wBPmMy67aoGLfesbED3APzMQDrciVHoAcI21wbennGaaxCeWeTYaE9%2BOdZvYcZCooTP4mReg%2Bns7i2DH1512WLNrTKfCtoClDh5BgdyrG1rwf0msdc2e69TsRwoeVeMMvG86axPf98tAt40TkvU5gvvp%2BEkfR375EitAgU%2FQ2aKfBODdY%2FTg%2FuJcDr1cR3NHzV%7Ctkp%3ABk9SR5jBu8PeYg&LH_Auction=1
Apple iPhone SE 2nd Gen. (PRODUCT)RED  For Parts,21.3,Sold  2 Oct 2023,2 bids,https://www.ebay.co.uk/itm/204476211515?hash=item2f9bbb613b%3Ag%3A0AgAAOSwWCtlEfvq&amdata=enc%3AAQAIAAAAwKNa%2BnxyIo%2BuY6QbzkT5mDZHVlnOPuqSFSzcehnnSD8uKVcRU67%2B20oZ0ne4LheRU9on13l8Wgatl%2FJEODoyza7jnWWzibc3M%2F4EKCA0JGboxq3l38h3kvKzJ6ZDxHGpYD0E%2B0ByoOhexxBFhTFfNRc9UvvuSk%2BJusKDqiTd3nGq286i26t%2FlLP36CVsPQU6jLHfiY77XhCb%2FbcWYJkmrGnYylIOy%2FXN7iX2vnjAw0Wuvlus6hiGiZE4jjeING9ozg%3D%3D%7Ctkp%3ABk9SR5jBu8PeYg&LH_Auction=1
Apple iPhone XR - 64GB Black AT&T. Free Shipping.,151.57,Sold  2 Oct 2023,2 bids,https://www.ebay.co.uk/itm/166352109382?epid=17023707251&hash=item26bb5bbf46%3Ag%3AzbIAAOSw7o5lFLbT&amdata=enc%3AAQAIAAAAwNBbcfz5NyTD3Mm2yy%2FT60XLTqhYZW6ThRUeZ0wScdvcc5I%2FDCe7uwSHObPu24apNiwu7rahZEzmk06OuowOnUc9QltV%2By29HkpZEIiiQ%2BDm9d0yriL9E4q%2FByd7SjkoJWO9QgY%2BE35cYcyHil47o4tyAkxlhfvFM7SgfUGvg52m%2BE%2F%2FoE70PA1rpbReTbgawig7488%2BQ6ZsnIJ7jRoCL9749dg0TtoRWAloTuSTnwh2t4iBBVAwFPbJXdn8NRWFZA%3D%3D%7Ctkp%3ABk9SR5jBu8PeYg&LH_Auction=1
Apple iPhone 13 (PRODUCT)RED - 128GB - (Unlocked),417.84,Sold  2 Oct 2023,16 bids,https://www.ebay.co.uk/itm/305160394783?epid=7049287499&hash=item470cfa181f%3Ag%3ANFEAAOSw27VlEfK4&amdata=enc%3AAQAIAAAA4ORFkwa5LlMD8UDTcI8%2FS%2BOg5ezKHpdMEfL9U8pbMBzP4IWAMmQ9PlzEBsxMR8ef89eHNwjXiLVZMFbGWzi8TaivTUhOVNVrqXjv%2Fv44ZmJv19wWhfTCOu66jx3SzmuGOsNU0X4EBkbv9iu%2BJXOPqBP834cmGBcPyQYS7chaLRhyLlKF%2BJoMK17jTJhmXAU3oBtAHlzC02R0KQv3Nc0w5AT3bDvOjl0NdXLg4x9mAqguuu7%2Bzh0%2BtHY4Di4nHbeZeh2PV%2BDPUjFfLYKIFp3mZu5IOnACb%2BgIzxkdN6FGniJc%7Ctkp%3ABk9SR5jBu8PeYg&LH_Auction=1
Apple iPhone 11 Pro - 256GB - Gold (Unlocked) A2160 (CDMA + GSM),292.49,Sold  2 Oct 2023,25 bids,https://www.ebay.co.uk/itm/186103536304?epid=27034209683&hash=item2b54a29ab0%3Ag%3ARl4AAOSwTN1lEE6h&amdata=enc%3AAQAIAAAA4HIE%2Fng3qZ%2FIHSOPwvlaG%2BbA7WZCY3kdiRbWU%2FEq6r%2BRzZR117vYgjFb7Rdn6Hp8auTgTdr%2BMElYdOJRvGDR%2FGdnwzW9sV%2B1JSVX8NyWinr94bX4iWh6VRTgfWx4kw4DFvDaU8ptWjApMqMW%2FWJrTud%2B%2B99J4RhLF8Mc%2FkQfcokK9po8zHZcdo%2FK%2FSsZc%2BnJIjYoxsZAk61eyiLxG%2FSC3kileSRA28vC3Qtti400tKf9y0EY%2BlTs3%2B42bsFF8I3tgxqaWuribq3lpMoaJQFYKdVJrtZJB0l5Tm1Fq28mO5Cz%7Ctkp%3ABk9SR5jBu8PeYg&LH_Auction=1
Apple iPhone 13 - 128GB - Red (Unlocked) (Read Description) DG1022,396.54,Sold  2 Oct 2023,85 bids,https://www.ebay.co.uk/itm/276072836741?epid=11049276145&hash=item4047392e85%3Ag%3ADHkAAOSwlVFk93-3&amdata=enc%3AAQAIAAAA4A6GI2kxN7gS6V5BWp3tecKr2JKzGk0L3r9KD9XkbTqqIsMCM%2FyCjF5Yp60KOd2i5IvsFOAkNkcr5zrJZR25P1bMcFTh9zvNF3Zz0IwhBtiCwDxbZoHcCmIhvCjAuJKacbtlmv5oopLX2Xl6va%2BKAZ280BAei7hXGvvGjh8N2HDw59rTY6Vu7YCCaeplXUkTHkncPfqa8g7uvNwP1GB%2BMCirJNroqzB5TtipvcCl8BDQebpkTPa2qlwcmuootumcUJhiloUb8Ii8%2BMhI%2FDo7WoN4LMnX7hmC7hy72OE077se%7Ctkp%3ABk9SR5jBu8PeYg&LH_Auction=1
Apple iPhone 13 Pro Max - 256GB - Gold (Unlocked),639.06,Sold  2 Oct 2023,2 bids,https://www.ebay.co.uk/itm/235220033067?epid=7049287413&hash=item36c434de2b%3Ag%3AOIIAAOSwgEpk7jyQ&amdata=enc%3AAQAIAAAAwG6NhhTf20O59mSoxV5jNYrU9O1w9uhLUJw6XbbtJlyDJp%2Bn0J2pwjBndXp9Peoxyrx99Z18y7dgQDM7TdcUS%2F2qWIqeiGiqeujUAiVtTG85kORQFfGITpJwOhn3D8ZW1BKceC%2Bpcj3mIbRg2sMfd5Z2PNMDN6j7NdM8RguNscppfwEJebJIVAWFPxzmDlXssA9J%2BenwBoMymNDGtILllF19eVQJFoiz1Q5FqBJrIEITqtgxNDx8U9huxoPfVCAvlg%3D%3D%7Ctkp%3ABk9SR5jBu8PeYg&LH_Auction=1
New listingApple iPhone 11 - 128GB - Purple (Unlocked) A2111 (CDMA + GSM),225.31,Sold  2 Oct 2023,1 bid,https://www.ebay.co.uk/itm/295961579816?epid=21034217815&hash=item44e8af5128%3Ag%3Ar40AAOSwSYxlGx3p&amdata=enc%3AAQAIAAAAwBLqv%2BFO2yoqVb%2FWoADNKd9%2B8ZSqEq%2FANajxwEOP6ovhkiQ8molIzK4%2FuYhx5gbesVWXanCf9mx7I8p4bQvYTft2Z6AXw3BcTf8%2B%2Ffa4oUwz36u%2FoMOHxagbwD2%2FghtGsiyoHsXKUxNSG643J2vPopoAGoAWYUivrJlNk0nht84iCyNpYz98Hhql3ftVTHrRI%2Fx5mvz7dUfnqlDMtjZ8nOIBg%2FXgZaPqqh2ocV1tUEd2fUx6Uq50O6t2A2C46G4%2F8A%3D%3D%7Ctkp%3ABk9SR5jBu8PeYg&LH_Auction=1
Apple iPhone X - 256GB MQAM2LL/A - TESTED TO POWER UP ONLY,88.08,Sold  2 Oct 2023,38 bids,https://www.ebay.co.uk/itm/225792752094?epid=13047063371&hash=item34924bf9de%3Ag%3ApDIAAOSw88dlFI9m&amdata=enc%3AAQAIAAAA4C%2F8EOsTQAldzY%2FUfcJ%2BE%2FxL%2FmRKhHb%2BLzbhHYER1ti%2FiKGgYhHB9kA3NvoXuXZCeysbPuoNCNZVESinUo8you7%2FmIhR%2BdYkOdFa41XAjzmmiGqivIqiRA7VOVyRRFGqH4tvFsnXBIxMvJNW2L0hni3YS1X9wrArNK68a%2BjDbiknYtFohRfh16soiNPfQvQv6kVXl8E%2FalUEZ4loSzZ4zzD05o%2BNqH8Zzn25zjJQYNtG6kt%2BYB8Axkk5YCvFOhPbbAYhVsY12C4I9G8naBXMejrgCJsRSxsy5Ur%2FsBiyFCGg%7Ctkp%3ABk9SR5jBu8PeYg&LH_Auction=1
Apple iPhone 13 Pro Max - 256GB - Sierra Blue (Cricket) Excellent Condition,573.51,Sold  2 Oct 2023,74 bids,https://www.ebay.co.uk/itm/285492675225?hash=item4278b08299%3Ag%3ATv8AAOSwHp1k%7EM6Y&amdata=enc%3AAQAIAAAA4BoVnGZkSN3gweC17978dxK9g8DDo1L%2BLQdUMSbUEDqggVHodYu9E0eBTwCcUGCh73vgRuQa5nCsdnLqqOEq%2FrmH61GEQ6i37uxubBo3xASb3Cv%2FvUtqwt5VkoltMGGGMJuqCkSWWNw60eO4s0U%2BTyOoGZUNkNDQyUfK%2BKc%2FhP3hq5iYmKe8kk47DrCvjzRXtGKALYjJyi%2B34ELbSmL52hlmQzTrEu6UZD81fuz2l2Cc99Tq9KtL0%2FP0CDZDHIFHkIeSjgnaeGQ3a%2F45JapIZSSYWYCjTUN7WvYEbsQFl16g%7Ctkp%3ABk9SR5jBu8PeYg&LH_Auction=1
